timestamp,x,y,z_raw,z_filtered,proj_t,phase_state,height_state
1.77012e+09,0.162545,6.49698,-0.391352,0,0,0,1
1.77012e+09,0.131557,6.40985,-0.389163,0,0,0,1
1.77012e+09,0.106956,6.47703,-0.393596,0,0,0,1
1.77012e+09,0.0798087,6.42394,-0.393902,0,0,0,1
1.77012e+09,0.0494395,6.47942,-0.397569,0,0,0,1
1.77012e+09,0.0201771,6.52422,-0.402394,0,0,0,1
1.77012e+09,-0.0109274,6.45475,-0.401492,0,0,0,1
1.77012e+09,-0.0395773,6.38965,-0.400949,0,0,0,1
1.77012e+09,-0.0696541,6.4921,-0.408747,0,0,0,1
1.77012e+09,-0.0976144,6.46133,-0.408947,0,0,0,1
1.77012e+09,-0.121458,6.40705,-0.409483,0,0,0,1
1.77012e+09,-0.147347,6.4735,-0.414788,-0.409483,0,0,1
1.77012e+09,-0.173024,6.59444,-0.423037,-0.412136,0,0,1
1.77012e+09,-0.195494,6.65171,-0.42823,-0.41577,0,0,1
1.77012e+09,-0.214521,6.75191,-0.436455,-0.418885,0,0,1
1.77012e+09,-0.229786,6.67199,-0.434205,-0.422399,0,0,1
1.77012e+09,0.271101,6.5375,-0.283489,-0.427343,0,0,1
1.77012e+09,0.263833,6.76427,-0.290258,-0.401083,0,0,1
1.77012e+09,0.234621,6.44795,-0.283038,-0.374527,0,0,1
1.77012e+09,0.204089,6.21637,-0.27605,-0.345489,0,0,1
1.77012e+09,0.195382,6.62141,-0.289012,-0.313408,0,0,1
1.77012e+09,0.160225,6.27098,-0.279391,-0.284369,0,0,1
1.77012e+09,0.137199,6.46638,-0.286305,-0.28355,0,0,1
1.77012e+09,0.113838,6.52629,-0.289012,-0.282759,0,0,1
1.77012e+09,0.088227,6.63017,-0.294182,-0.283954,0,0,1
1.77012e+09,0.0577463,6.6794,-0.296688,-0.287581,0,0,1
1.77012e+09,0.0266577,6.61984,-0.297704,-0.289116,0,0,1
1.77012e+09,-0.00518969,6.50036,-0.296818,-0.292778,0,0,1
1.77012e+09,-0.0357176,6.59637,-0.302097,-0.294881,0,0,1
1.77012e+09,-0.062733,6.4847,-0.300358,-0.297498,0,0,1
1.77012e+09,-0.088826,6.45197,-0.302914,-0.298733,0,0,1
1.77012e+09,-0.114916,6.46398,-0.305182,-0.299978,0,0,1
1.77012e+09,-0.143457,6.64769,-0.313811,-0.301474,0,0,1
1.77012e+09,-0.168161,6.67827,-0.31742,-0.304872,0,0,1
1.77012e+09,-0.190163,6.62514,-0.319112,-0.307937,0,0,1
1.77012e+09,-0.205487,6.53309,-0.318615,-0.311688,0,0,1
1.77012e+09,-0.262825,6.73493,-0.325623,-0.314828,0,0,1
1.77012e+09,-0.293978,6.65587,-0.326383,-0.318916,0,0,1
1.77012e+09,0.210601,6.55093,-0.488061,-0.321431,0,0,1
1.77012e+09,0.194795,6.6613,-0.49261,-0.355559,0,0,1
1.77012e+09,0.160589,6.27039,-0.470375,-0.390258,0.194795,0,1
1.77012e+09,0.140763,6.3715,-0.475751,-0.42061,0.194795,0,1
1.77012e+09,0.125186,6.86607,-0.507357,-0.450636,0.140763,0,1
1.77012e+09,0.0969274,6.77406,-0.503651,-0.486831,0.125186,0,1
1.77012e+09,0.0690216,6.72815,-0.502419,-0.489949,0.0969274,1,1
1.77012e+09,0.0492418,6.63123,-0.499655,-0.49191,0.0690216,1,1
1.77012e+09,0.176049,7.1331,-0.53891,-0.497767,0.0492418,1,1
1.77012e+09,0.467314,6.93698,-0.530445,-0.510398,0.176049,1,1
1.77012e+09,0.640482,6.67554,-0.508656,-0.515016,0.467314,1,1
1.77012e+09,0.712303,6.73581,-0.518471,-0.516017,0.640482,1,1
1.77012e+09,0.708699,6.58536,-0.5089,-0.519227,0.712303,1,1
1.77012e+09,0.720927,6.7915,-0.524346,-0.521076,0.708699,1,1
1.77012e+09,0.675022,6.55593,-0.51281,-0.518164,0.720927,1,1
1.77012e+09,0.643172,6.44244,-0.505617,-0.514637,0.675022,1,1
1.77012e+09,0.660516,6.84773,-0.536689,-0.514029,0.643172,1,1
1.77012e+09,0.608355,6.52624,-0.517046,-0.517673,0.660516,1,1
1.77012e+09,0.588827,6.90944,-0.545079,-0.519302,0.608355,2,1
1.77012e+09,-1,-1,-1,-0.523448,0.588827,2,1
1.77012e+09,-1,-1,-1,-0.523448,0.588827,2,1
1.77012e+09,0.0126762,7.1101,-0.416358,-0.523448,0.588827,2,1
1.77012e+09,-0.137281,6.80244,-0.401376,-0.504158,0.0126762,2,1
1.77012e+09,-0.216609,6.77033,-0.40501,-0.48331,-0.137281,2,1
1.77012e+09,-0.259809,6.72122,-0.397134,-0.456974,-0.216609,2,1
1.77012e+09,-0.297621,6.70786,-0.401127,-0.432991,-0.259809,2,1
1.77012e+09,-0.330415,6.6921,-0.402822,-0.404201,-0.297621,0,1
1.77012e+09,-0.351846,6.49997,-0.394984,-0.401494,-0.330415,1,1
1.77012e+09,-0.383191,6.51574,-0.397027,-0.400215,-0.351846,1,1
1.77012e+09,-0.407876,6.47715,-0.394662,-0.398619,-0.383191,1,1
1.77012e+09,-0.443023,6.57969,-0.403183,-0.398124,-0.407876,1,1
1.77012e+09,-0.464235,6.47906,-0.400574,-0.398535,-0.443023,1,1
1.77012e+09,-0.514414,6.72266,-0.414402,-0.398086,-0.464235,1,1
1.77012e+09,-0.456442,6.53081,-0.411138,-0.401969,-0.514414,1,1
1.77012e+09,-0.439411,6.71676,-0.419993,-0.404792,-0.456442,1,1
1.77012e+09,-0.42708,6.51159,-0.415693,-0.409858,-0.439411,1,1
1.77012e+09,-0.444724,6.54994,-0.41947,-0.41236,-0.42708,1,1
1.77012e+09,-0.461142,6.51192,-0.419975,-0.416139,-0.444724,1,1
1.77012e+09,-0.482687,6.56088,-0.425148,-0.417254,-0.461142,2,1
1.77012e+09,-0.510917,6.68387,-0.432126,-0.420056,-0.482687,2,1
1.77012e+09,-0.518464,6.57017,-0.430536,-0.422483,-0.510917,2,1
1.77012e+09,-0.552175,6.76531,-0.441884,-0.425451,-0.518464,2,1
1.77012e+09,-0.565873,6.75447,-0.443785,-0.429934,-0.552175,2,1
1.77012e+09,0.0483605,6.89145,-0.304574,-0.434696,-0.565873,2,1
1.77012e+09,0.141181,6.97703,-0.302583,-0.410581,0.0483605,2,1
1.77012e+09,0.152628,6.39535,-0.289818,-0.384672,0.141181,2,1
1.77012e+09,0.147583,6.37624,-0.287601,-0.356529,0.152628,0,1
1.77012e+09,0.137843,6.5645,-0.294181,-0.325672,0.147583,0,1
1.77012e+09,0.11554,6.51939,-0.295173,-0.295752,0.137843,0,1
1.77012e+09,0.0923472,6.52228,-0.293981,-0.293871,0.11554,1,1
1.77012e+09,0.0670187,6.57858,-0.29843,-0.292151,0.0923472,1,1
1.77012e+09,0.0376828,6.67506,-0.303918,-0.293873,0.0670187,1,1
1.77012e+09,0.0072479,6.52061,-0.300254,-0.297136,0.0376828,1,1
1.77012e+09,-0.023737,6.60791,-0.306073,-0.298351,0.0072479,1,1
1.77012e+09,-0.0515619,6.49985,-0.304806,-0.300531,-0.023737,1,1
1.77012e+09,-0.0784062,6.43146,-0.304975,-0.302696,-0.0515619,1,1
1.77012e+09,-0.107956,6.5821,-0.312331,-0.304005,-0.0784062,1,1
1.77012e+09,-0.136305,6.54721,-0.313119,-0.305688,-0.107956,1,1
1.77012e+09,-0.16031,6.4243,-0.312679,-0.308261,-0.136305,1,1
1.77012e+09,-0.180485,6.31952,-0.310039,-0.309582,-0.16031,2,1
1.77012e+09,-0.208717,6.53544,-0.321246,-0.310629,-0.180485,2,1
1.77012e+09,-0.227924,6.44305,-0.320847,-0.313883,-0.208717,2,1
1.77012e+09,-0.257326,6.70091,-0.331861,-0.315586,-0.227924,2,1
1.77012e+09,-0.284971,6.99846,-0.345096,-0.319334,-0.257326,2,1
1.77012e+09,-0.292907,6.82159,-0.339128,-0.325818,-0.284971,2,1
1.77012e+09,0.225893,6.38122,-0.485436,-0.331635,-0.292907,2,1
1.77012e+09,0.218429,6.63225,-0.501256,-0.364473,0.225893,2,1
1.77012e+09,0.203909,6.78256,-0.510541,-0.400555,0.218429,0,1
1.77012e+09,0.170669,6.40813,-0.487654,-0.436291,0.203909,0,1
1.77012e+09,0.151463,6.54276,-0.497079,-0.464803,0.170669,0,0
1.77012e+09,0.128208,6.65721,-0.50705,-0.496393,0.151463,0,0
1.77012e+09,0.100029,6.52351,-0.498643,-0.500716,0.128208,1,0
1.77012e+09,0.0749118,6.84333,-0.521737,-0.500193,0.100029,1,0
1.77012e+09,0.0420941,6.78292,-0.518668,-0.502433,0.0749118,1,0
1.77012e+09,0.0123398,6.57871,-0.50821,-0.508636,0.0420941,1,0
1.77012e+09,-0.0195772,6.71937,-0.519333,-0.510862,0.0123398,1,0
1.77012e+09,-0.0490725,6.55129,-0.511358,-0.513318,-0.0195772,1,0
1.77012e+09,-0.0774531,6.59361,-0.514245,-0.515861,-0.0490725,1,0
1.77012e+09,-0.104965,6.62252,-0.520792,-0.514363,-0.0774531,1,0
1.77012e+09,-0.131163,6.5263,-0.516613,-0.514788,-0.104965,1,0
1.77012e+09,-0.164702,6.84624,-0.539034,-0.516468,-0.131163,1,0
1.77012e+09,-0.180833,6.55429,-0.522246,-0.520408,-0.164702,1,0
1.77012e+09,-0.204211,6.60731,-0.527384,-0.522586,-0.180833,2,0
1.77012e+09,-0.226692,6.65108,-0.533658,-0.525214,-0.204211,2,0
1.77012e+09,-0.256925,7.01561,-0.558586,-0.527787,-0.226692,2,0
1.77012e+09,-0.261615,6.73792,-0.543259,-0.536182,-0.256925,2,0
1.77012e+09,0.233083,6.40116,-0.38937,-0.537027,-0.261615,2,0
1.77012e+09,0.215785,6.43301,-0.391843,-0.510452,0.233083,2,0
1.77012e+09,0.204267,6.66008,-0.401712,-0.483343,0.215785,2,0
1.77012e+09,0.174517,6.38768,-0.39102,-0.456954,0.204267,2,0
1.77012e+09,0.153763,6.49428,-0.396293,-0.423441,0.174517,0,0
1.77012e+09,0.129467,6.56978,-0.401224,-0.394048,0.153763,0,0
1.77012e+09,0.098765,6.57643,-0.402864,-0.396418,0.129467,1,0
1.77012e+09,0.0729955,6.68207,-0.40903,-0.398623,0.098765,1,0
1.77012e+09,0.0438968,6.62692,-0.409711,-0.400086,0.0729955,1,0
1.77012e+09,0.013724,6.48112,-0.404372,-0.403824,0.0438968,1,0
1.77012e+09,-0.0164826,6.71404,-0.417296,-0.40544,0.013724,1,0
1.77012e+09,-0.0460755,6.6621,-0.417652,-0.408655,-0.0164826,1,0
1.77012e+09,-0.0768023,6.56289,-0.415298,-0.411612,-0.0460755,1,0
1.77012e+09,-0.105072,6.53377,-0.41643,-0.412866,-0.0768023,1,0
1.77012e+09,-0.133195,6.49768,-0.416156,-0.41421,-0.105072,1,0
1.77012e+09,-0.16338,6.65608,-0.426933,-0.416567,-0.133195,1,0
1.77012e+09,-0.184708,6.57996,-0.425082,-0.418494,-0.16338,1,0
1.77012e+09,-0.200897,6.38229,-0.418855,-0.41998,-0.184708,2,0
1.77012e+09,-0.221059,6.40587,-0.422128,-0.420691,-0.200897,2,0
1.77012e+09,-0.247315,6.61712,-0.435971,-0.421831,-0.221059,2,0
1.77012e+09,-0.285894,7.204,-0.468341,-0.425794,-0.247315,2,0
1.77012e+09,0.236204,6.5771,-0.294188,-0.434075,-0.285894,2,0
1.77012e+09,0.221915,6.56204,-0.292225,-0.407896,0.236204,2,0
1.77012e+09,0.208056,6.67937,-0.295655,-0.382571,0.221915,2,0
1.77012e+09,0.183523,6.54423,-0.292747,-0.357276,0.208056,2,0
1.77012e+09,0.157814,6.41349,-0.289929,-0.328631,0.183523,0,2
1.77012e+09,0.134581,6.52129,-0.293122,-0.292949,0.157814,0,2
1.77012e+09,0.110314,6.61896,-0.297297,-0.292736,0.134581,0,2
1.77012e+09,0.0844533,6.63054,-0.299343,-0.29375,0.110314,1,2
1.77012e+09,0.0558723,6.68245,-0.302425,-0.294487,0.0844533,1,2
1.77012e+09,0.0253292,6.62451,-0.302582,-0.296423,0.0558723,1,2
1.77012e+09,-0.00643945,6.41817,-0.297661,-0.298954,0.0253292,1,2
1.77012e+09,-0.0349312,6.64513,-0.306441,-0.299861,-0.00643945,1,2
1.77012e+09,-0.0650027,6.55473,-0.306976,-0.30169,-0.0349312,1,2
1.77012e+09,-0.0985635,6.80257,-0.317237,-0.303217,-0.0650027,1,2
1.77012e+09,-0.123885,6.63653,-0.314313,-0.306179,-0.0985635,1,2
1.77012e+09,-0.148394,6.49525,-0.313119,-0.308526,-0.123885,1,2
1.77012e+09,-0.177075,6.61416,-0.320043,-0.311617,-0.148394,1,2
1.77012e+09,-0.199693,6.57419,-0.320422,-0.314337,-0.177075,1,2
1.77012e+09,-0.214508,6.34622,-0.315875,-0.317027,-0.199693,2,2
1.77012e+09,-0.237891,6.48421,-0.322246,-0.316754,-0.214508,2,2
1.77012e+09,-0.257418,6.56475,-0.328863,-0.318341,-0.237891,2,2
1.77012e+09,-0.285646,6.85837,-0.339962,-0.32149,-0.257418,2,2
1.77012e+09,0.254291,6.87126,-0.516172,-0.325474,-0.285646,2,2
1.77012e+09,0.227944,6.61278,-0.499001,-0.364624,0.254291,2,2
1.77012e+09,0.206823,6.56132,-0.496089,-0.401249,0.227944,2,2
1.77012e+09,0.189713,6.64031,-0.501932,-0.436017,0.206823,2,2
1.77012e+09,0.167192,6.63124,-0.501364,-0.470631,0.189713,0,0
1.77012e+09,0.145231,6.7471,-0.510769,-0.502912,0.167192,0,0
1.77012e+09,0.120661,6.8912,-0.522253,-0.501831,0.145231,1,0
1.77012e+09,0.0901279,6.73531,-0.512463,-0.506481,0.120661,1,0
1.77012e+09,0.0599244,6.68324,-0.512519,-0.509756,0.0901279,1,0
1.77012e+09,0.0277404,6.62363,-0.509643,-0.511874,0.0599244,1,0
1.77012e+09,0.000370924,6.41089,-0.499244,-0.51353,0.0277404,1,0
1.77012e+09,-0.0317107,6.80415,-0.526384,-0.511225,0.000370924,1,0
1.77012e+09,-0.0612553,6.57609,-0.513989,-0.512051,-0.0317107,1,0
1.77012e+09,-0.0905762,6.76939,-0.528819,-0.512356,-0.0612553,1,0
1.77012e+09,-0.120067,6.69103,-0.525354,-0.515616,-0.0905762,1,0
1.77012e+09,-0.145272,6.65291,-0.526195,-0.518758,-0.120067,1,0
1.77012e+09,-0.170627,6.62224,-0.526834,-0.524148,-0.145272,1,0
1.77012e+09,-0.200599,6.87924,-0.544301,-0.524238,-0.170627,1,0
1.77012e+09,-0.211097,6.53038,-0.524095,-0.530301,-0.200599,2,0
1.77012e+09,-0.24036,6.83459,-0.544738,-0.529356,-0.211097,2,0
1.77012e+09,-0.258024,6.90525,-0.551587,-0.533233,-0.24036,2,0
1.77012e+09,0.248311,6.5658,-0.397684,-0.538311,-0.258024,2,0
1.77012e+09,0.223233,6.31967,-0.385889,-0.512481,0.248311,2,0
1.77012e+09,0.215374,6.59592,-0.399004,-0.480798,0.223233,2,0
1.77012e+09,0.199105,6.77824,-0.407926,-0.45578,0.215374,2,0
1.77012e+09,0.167729,6.5268,-0.397134,-0.428418,0.199105,2,0
1.77012e+09,0.142126,6.39604,-0.392628,-0.397527,0.167729,0,0
1.77012e+09,0.119294,6.56613,-0.401046,-0.396516,0.142126,0,0
1.77012e+09,0.0901044,6.62596,-0.40621,-0.399548,0.119294,1,0
1.77012e+09,0.0606397,6.57887,-0.405129,-0.400989,0.0901044,1,0
1.77012e+09,0.0321071,6.63301,-0.410431,-0.400429,0.0606397,1,0
1.77012e+09,0.00381645,6.57653,-0.410033,-0.403089,0.0321071,1,0
1.77012e+09,-0.029874,6.66203,-0.415918,-0.40657,0.00381645,1,0
1.77012e+09,-0.0575125,6.641,-0.417953,-0.409544,-0.029874,1,0
1.77012e+09,-0.0862549,6.51244,-0.414348,-0.411893,-0.0575125,1,0
1.77012e+09,-0.114513,6.55966,-0.418535,-0.413736,-0.0862549,1,0
1.77012e+09,-0.142239,6.53862,-0.420497,-0.415357,-0.114513,1,0
1.77012e+09,-0.167743,6.55248,-0.42395,-0.41745,-0.142239,1,0
1.77012e+09,-0.186817,6.41413,-0.418781,-0.419057,-0.167743,2,0
1.77012e+09,-0.21337,6.60621,-0.432199,-0.419222,-0.186817,2,0
1.77012e+09,-0.232256,6.58484,-0.432841,-0.422792,-0.21337,2,0
1.77012e+09,-0.250531,6.63216,-0.436955,-0.425654,-0.232256,2,0
1.77012e+09,-0.262485,6.58621,-0.438031,-0.428945,-0.250531,2,0
1.77012e+09,0.247074,6.8794,-0.302879,-0.431761,-0.262485,2,0
1.77012e+09,0.214149,6.39978,-0.288079,-0.408581,0.247074,2,0
1.77012e+09,0.2053,6.73001,-0.297797,-0.379757,0.214149,2,0
1.77012e+09,0.180958,6.64499,-0.295284,-0.352748,0.2053,0,0
1.77012e+09,0.151795,6.45554,-0.2918,-0.324414,0.180958,0,0
1.77012e+09,0.129557,6.56059,-0.294929,-0.295168,0.151795,0,0
1.77012e+09,0.101186,6.62985,-0.298137,-0.293578,0.129557,1,0
1.77012e+09,0.0714541,6.42695,-0.293735,-0.29559,0.101186,1,0
1.77012e+09,0.0460312,6.62853,-0.301866,-0.294777,0.0714541,1,0
1.77012e+09,0.0149124,6.42548,-0.297877,-0.296093,0.0460312,1,0
1.77012e+09,-0.0137144,6.55145,-0.303674,-0.297309,0.0149124,1,0
1.77012e+09,-0.0409552,6.4453,-0.301633,-0.299058,-0.0137144,1,0
1.77012e+09,-0.0738026,6.6806,-0.312257,-0.299757,-0.0409552,1,0
1.77012e+09,-0.0984151,6.34236,-0.303987,-0.303461,-0.0738026,1,0
1.77012e+09,-0.130883,6.65052,-0.316059,-0.303886,-0.0984151,1,0
1.77012e+09,-0.156037,6.56313,-0.315993,-0.307522,-0.130883,1,0
1.77012e+09,-0.180128,6.59891,-0.320376,-0.309986,-0.156037,1,0
1.77012e+09,-0.196347,6.38694,-0.315188,-0.313734,-0.180128,2,0
1.77012e+09,-0.214975,6.34168,-0.317782,-0.31432,-0.196347,2,0
1.77012e+09,-0.242846,6.63888,-0.330333,-0.317079,-0.214975,2,0
1.77012e+09,-0.261653,6.66012,-0.332597,-0.319934,-0.242846,2,0
1.77012e+09,-0.277151,6.68762,-0.335963,-0.323255,-0.261653,2,0
1.77012e+09,0.242251,6.50809,-0.492471,-0.326372,-0.277151,2,0
1.77012e+09,0.240179,6.97584,-0.52042,-0.361829,0.242251,2,0
1.77012e+09,0.204438,6.54381,-0.49481,-0.402357,0.240179,2,0
1.77012e+09,0.175161,6.24329,-0.477487,-0.435252,0.204438,0,0
1.77012e+09,0.15837,6.44565,-0.491166,-0.46423,0.175161,0,0
1.77012e+09,0.138593,6.71636,-0.509128,-0.495271,0.15837,0,0
1.77012e+09,0.109581,6.52542,-0.497495,-0.498602,0.138593,1,0
1.77012e+09,0.0819919,6.51744,-0.500824,-0.494017,0.109581,1,0
1.77012e+09,0.0529597,6.72997,-0.516501,-0.49522,0.0819919,1,0
1.77012e+09,0.0235904,6.84316,-0.525725,-0.503023,0.0529597,1,0
1.77012e+09,-0.00581862,6.60284,-0.51076,-0.509935,0.0235904,1,0
1.77012e+09,-0.0386711,6.68833,-0.518883,-0.510261,-0.00581862,1,0
1.77012e+09,-0.0640425,6.58626,-0.514439,-0.514539,-0.0386711,1,0
1.77012e+09,-0.0954537,6.86172,-0.536445,-0.517262,-0.0640425,1,0
1.77012e+09,-0.119508,6.58469,-0.520753,-0.521251,-0.0954537,1,0
1.77012e+09,-0.144851,6.65108,-0.525646,-0.520256,-0.119508,1,0
1.77012e+09,-0.169916,6.54342,-0.521309,-0.523233,-0.144851,1,0
1.77012e+09,-0.199592,6.79743,-0.539014,-0.523718,-0.169916,2,0
1.77012e+09,-0.213681,6.64515,-0.532417,-0.528633,-0.199592,2,0
1.77012e+09,-0.239998,6.88897,-0.550508,-0.527828,-0.213681,2,0
1.77012e+09,-0.260279,7.00045,-0.558706,-0.533779,-0.239998,2,0
1.77012e+09,0.251992,6.6339,-0.40076,-0.540391,-0.260279,2,0
1.77012e+09,0.22637,6.40797,-0.390086,-0.516281,0.251992,2,0
1.77012e+09,0.210291,6.52012,-0.396847,-0.486495,0.22637,2,0
1.77012e+09,0.18741,6.50341,-0.39566,-0.459381,0.210291,2,0
1.77012e+09,0.159921,6.41965,-0.394367,-0.428412,0.18741,0,0
1.77012e+09,0.143609,6.76123,-0.409993,-0.395544,0.159921,0,0
1.77012e+09,0.109563,6.47551,-0.398625,-0.397391,0.143609,1,0
1.77012e+09,0.0825539,6.37935,-0.39584,-0.399098,0.109563,1,0
1.77012e+09,0.0593869,6.68281,-0.410716,-0.398897,0.0825539,1,0
1.77012e+09,0.0289339,6.78868,-0.417386,-0.401908,0.0593869,1,0
1.77012e+09,-0.00224916,6.47409,-0.405198,-0.406512,0.0289339,1,0
1.77012e+09,-0.0349397,6.59607,-0.414715,-0.405553,-0.00224916,1,0
1.77012e+09,-0.0652401,6.63342,-0.418469,-0.408771,-0.0349397,1,0
1.77012e+09,-0.094577,6.61623,-0.420666,-0.413297,-0.0652401,1,0
1.77012e+09,-0.119171,6.45073,-0.414504,-0.415287,-0.094577,1,0
1.77012e+09,-0.142205,6.27768,-0.407909,-0.41471,-0.119171,1,0
1.77012e+09,-0.174315,6.61131,-0.427737,-0.415253,-0.142205,2,0
1.77012e+09,-0.197158,6.58723,-0.427587,-0.417857,-0.174315,2,0
1.77012e+09,-0.214728,6.49386,-0.426975,-0.41968,-0.197158,2,0
1.77012e+09,-0.239111,6.68069,-0.437902,-0.420942,-0.214728,2,0
1.77012e+09,-0.251667,6.55766,-0.434031,-0.425622,-0.239111,2,0
1.77012e+09,0.25219,6.74169,-0.300366,-0.430846,-0.251667,2,0
1.77012e+09,0.230827,6.54341,-0.292966,-0.405372,0.25219,2,0
1.77012e+09,0.218869,6.71167,-0.2977,-0.378448,0.230827,2,0
1.77012e+09,0.201302,6.83458,-0.302199,-0.352593,0.218869,0,0
1.77012e+09,0.173526,6.74333,-0.298625,-0.325452,0.201302,0,0
1.77012e+09,0.143393,6.40617,-0.290539,-0.298371,0.173526,0,0
1.77012e+09,0.119616,6.56857,-0.294729,-0.296406,0.143393,0,0
1.77012e+09,0.0947428,6.73265,-0.301542,-0.296758,0.119616,1,0
1.77012e+09,0.063062,6.33526,-0.292123,-0.297527,0.0947428,1,0
1.77012e+09,0.0341667,6.51676,-0.299404,-0.295511,0.063062,1,0
1.77012e+09,0.00570974,6.6006,-0.303991,-0.295667,0.0341667,1,0
1.77012e+09,-0.0258766,6.53541,-0.304026,-0.298358,0.00570974,1,0
1.77012e+09,-0.0525505,6.45806,-0.304119,-0.300217,-0.0258766,1,0
1.77012e+09,-0.0817631,6.47147,-0.307717,-0.300733,-0.0525505,1,0
1.77012e+09,-0.107807,6.44483,-0.307731,-0.303851,-0.0817631,1,0
1.77012e+09,-0.140046,6.63798,-0.31694,-0.305517,-0.107807,1,0
1.77012e+09,-0.166313,6.63435,-0.319629,-0.308106,-0.140046,1,0
1.77012e+09,-0.182951,6.37948,-0.313883,-0.311227,-0.166313,1,0
1.77012e+09,-0.205005,6.39928,-0.31705,-0.31318,-0.182951,2,0
1.77012e+09,-0.229144,6.56875,-0.32622,-0.315046,-0.205005,2,0
1.77012e+09,-0.256133,6.78157,-0.335298,-0.318744,-0.229144,2,0
1.77012e+09,-0.271092,6.77549,-0.3386,-0.322416,-0.256133,2,0
1.77012e+09,-1,-1,-1,-0.32621,-0.271092,2,0
1.77012e+09,0.23826,6.63137,-0.500964,-0.32621,-0.271092,2,0
1.77012e+09,0.206166,6.22706,-0.476522,-0.363627,0.23826,2,0
1.77012e+09,0.189706,6.2988,-0.480221,-0.395521,0.206166,2,0
1.77012e+09,0.171388,6.43472,-0.491151,-0.426321,0.189706,0,0
1.77012e+09,0.152994,6.65574,-0.50609,-0.457492,0.171388,0,0
1.77012e+09,0.123409,6.55834,-0.501424,-0.490989,0.152994,1,0
1.77012e+09,0.0984142,6.6853,-0.509201,-0.491081,0.123409,1,0
1.77012e+09,0.0680926,6.52835,-0.502316,-0.497617,0.0984142,1,0
1.77012e+09,0.0411026,6.89742,-0.528444,-0.502036,0.0680926,1,0
1.77012e+09,0.0122366,6.51326,-0.50562,-0.509495,0.0411026,1,0
1.77012e+09,-0.0169184,6.64508,-0.516198,-0.509401,0.0122366,1,0
1.77012e+09,-0.0495058,6.80127,-0.527705,-0.512356,-0.0169184,1,0
1.77012e+09,-0.0741213,6.60437,-0.516649,-0.516057,-0.0495058,1,0
1.77012e+09,-0.105938,6.69987,-0.526154,-0.518923,-0.0741213,1,0
1.77012e+09,-0.132713,6.68669,-0.528574,-0.518465,-0.105938,1,0
1.77012e+09,-0.164508,6.8972,-0.544108,-0.523056,-0.132713,1,0
1.77012e+09,-0.178753,6.55672,-0.523673,-0.528638,-0.164508,1,0
1.77012e+09,-0.202999,6.62972,-0.530546,-0.527832,-0.178753,2,0
1.77012e+09,-0.223489,6.67725,-0.534496,-0.530611,-0.202999,2,0
1.77012e+09,-0.24863,6.91958,-0.551844,-0.532279,-0.223489,2,0
1.77012e+09,-0.260627,6.90886,-0.554506,-0.536933,-0.24863,2,0
1.77012e+09,0.238545,6.41525,-0.391057,-0.539013,-0.260627,2,0
1.77012e+09,0.230178,6.68437,-0.405387,-0.51249,0.238545,2,0
1.77012e+09,0.208085,6.66958,-0.401278,-0.487458,0.230178,2,0
1.77012e+09,0.178269,6.41976,-0.392677,-0.460814,0.208085,2,0
1.77012e+09,0.152169,6.34929,-0.389492,-0.428981,0.178269,0,0
1.77012e+09,0.134308,6.67874,-0.405775,-0.395978,0.152169,0,0
1.77012e+09,0.101962,6.57707,-0.404167,-0.398922,0.134308,1,0
1.77012e+09,0.075377,6.63112,-0.408616,-0.398678,0.101962,1,0
1.77012e+09,0.0467544,6.57927,-0.407598,-0.400145,0.075377,1,0
1.77012e+09,0.0144565,6.43132,-0.402147,-0.40313,0.0467544,1,0
1.77012e+09,-0.0195733,6.64861,-0.415292,-0.405661,0.0144565,1,0
1.77012e+09,-0.0493258,6.55332,-0.413744,-0.407564,-0.0195733,1,0
1.77012e+09,-0.0792434,6.63548,-0.420733,-0.409479,-0.0493258,1,0
1.77012e+09,-0.107434,6.59863,-0.422358,-0.411903,-0.0792434,1,0
1.77012e+09,-0.132692,6.47311,-0.416642,-0.414855,-0.107434,1,0
1.77012e+09,-0.160321,6.58577,-0.424529,-0.417754,-0.132692,1,0
1.77012e+09,-0.188766,6.80488,-0.438627,-0.419601,-0.160321,2,0
1.77012e+09,-0.202891,6.51436,-0.425883,-0.424578,-0.188766,2,0
1.77012e+09,-0.226624,6.67461,-0.437374,-0.425608,-0.202891,2,0
1.77012e+09,-0.244012,6.65242,-0.437556,-0.428611,-0.226624,2,0
1.77012e+09,-0.262917,6.73866,-0.445454,-0.432794,-0.244012,2,0
1.77012e+09,0.247642,6.69837,-0.296454,-0.436979,-0.262917,2,0
1.77012e+09,0.224507,6.53587,-0.292508,-0.408544,0.247642,2,0
1.77012e+09,0.20795,6.61418,-0.293536,-0.381869,0.224507,2,0
1.77012e+09,0.187259,6.6776,-0.296891,-0.353101,0.20795,0,0
1.77012e+09,0.159883,6.49755,-0.292836,-0.324968,0.187259,0,0
1.77012e+09,0.132696,6.42804,-0.291186,-0.294445,0.159883,0,0
1.77012e+09,0.107181,6.47569,-0.2928,-0.293391,0.132696,0,0
1.77012e+09,0.0799639,6.33271,-0.290802,-0.29345,0.107181,1,0
1.77012e+09,0.0519484,6.62586,-0.30144,-0.292903,0.0799639,1,0
1.77012e+09,0.0245302,6.475,-0.299474,-0.293813,0.0519484,1,0
1.77012e+09,-0.0048976,6.51235,-0.302105,-0.295141,0.0245302,1,0
1.77012e+09,-0.0373241,6.64421,-0.309139,-0.297324,-0.0048976,1,0
1.77012e+09,-0.0649423,6.46743,-0.305478,-0.300592,-0.0373241,1,0
1.77012e+09,-0.0959606,6.62077,-0.312726,-0.303527,-0.0649423,1,0
1.77012e+09,-0.121986,6.51959,-0.31243,-0.305784,-0.0959606,1,0
1.77012e+09,-0.149072,6.57259,-0.317142,-0.308375,-0.121986,1,0
1.77012e+09,-0.171357,6.45876,-0.316128,-0.311383,-0.149072,1,0
1.77012e+09,-0.189223,6.31316,-0.313123,-0.312781,-0.171357,2,0
1.77012e+09,-0.211992,6.38342,-0.31817,-0.31431,-0.189223,2,0
1.77012e+09,-0.244317,6.77698,-0.334039,-0.315399,-0.211992,2,0
1.77012e+09,-0.261957,6.79449,-0.337516,-0.31972,-0.244317,2,0
1.77012e+09,-0.275487,6.78689,-0.338556,-0.323795,-0.261957,2,0
1.77012e+09,0.254486,6.69177,-0.50551,-0.328281,-0.275487,2,0
1.77012e+09,0.241317,6.87178,-0.516193,-0.366758,0.254486,2,0
1.77012e+09,0.212804,6.59793,-0.497846,-0.406363,0.241317,2,0
1.77012e+09,0.195071,6.73229,-0.509455,-0.439124,0.212804,0,0
1.77012e+09,0.17333,6.83181,-0.515938,-0.473512,0.195071,0,0
1.77012e+09,0.146053,6.70879,-0.509983,-0.508988,0.17333,1,0
1.77012e+09,0.123888,6.96305,-0.528236,-0.509883,0.146053,1,0
1.77012e+09,0.0898679,6.67406,-0.511091,-0.512292,0.123888,1,0
1.77012e+09,0.0586714,6.79195,-0.520565,-0.514941,0.0898679,1,0
1.77012e+09,0.0272057,6.62363,-0.510503,-0.517163,0.0586714,1,0
1.77012e+09,-0.00118933,6.39811,-0.498436,-0.516076,0.0272057,1,0
1.77012e+09,-0.0323761,6.61736,-0.515086,-0.513766,-0.00118933,1,0
1.77012e+09,-0.0579695,6.50476,-0.509714,-0.511136,-0.0323761,1,0
1.77012e+09,-0.0869822,6.68452,-0.525598,-0.510861,-0.0579695,1,0
1.77012e+09,-0.116074,6.61794,-0.521367,-0.511867,-0.0869822,1,0
1.77012e+09,-0.140284,6.55834,-0.520992,-0.51404,-0.116074,1,0
1.77012e+09,-0.168526,6.7114,-0.531264,-0.518552,-0.140284,1,0
1.77012e+09,-0.192303,6.78329,-0.538323,-0.521787,-0.168526,2,0
1.77012e+09,-0.206702,6.59016,-0.528417,-0.527509,-0.192303,2,0
1.77012e+09,-0.234908,6.91147,-0.550853,-0.528073,-0.206702,2,0
1.77012e+09,-0.255826,7.0339,-0.561601,-0.53397,-0.234908,2,0
1.77012e+09,0.259572,6.66254,-0.401194,-0.542092,-0.255826,2,0
1.77012e+09,0.235579,6.54203,-0.396789,-0.516078,0.259572,2,0
1.77012e+09,0.21284,6.38229,-0.389114,-0.487771,0.235579,2,0
1.77012e+09,0.206003,6.82407,-0.410664,-0.45991,0.21284,2,0
1.77012e+09,0.173569,6.54705,-0.399764,-0.431873,0.206003,0,1
1.77012e+09,0.146895,6.46923,-0.396606,-0.399505,0.173569,0,1
1.77012e+09,0.12295,6.62007,-0.40503,-0.398587,0.146895,0,1
1.77012e+09,0.0923334,6.57543,-0.404523,-0.400236,0.12295,1,1
1.77012e+09,0.065073,6.38385,-0.397223,-0.403317,0.0923334,1,1
1.77012e+09,0.0361572,6.68424,-0.41348,-0.400629,0.065073,1,1
1.77012e+09,0.00488904,6.57832,-0.41066,-0.403372,0.0361572,1,1
1.77012e+09,-0.0255208,6.8067,-0.424775,-0.406183,0.00488904,1,1
1.77012e+09,-0.0536638,6.597,-0.416052,-0.410132,-0.0255208,1,1
1.77012e+09,-0.0840965,6.59293,-0.419536,-0.412438,-0.0536638,1,1
1.77012e+09,-0.110302,6.43662,-0.412558,-0.4169,-0.0840965,1,1
1.77012e+09,-0.139557,6.58807,-0.423557,-0.416716,-0.110302,1,1
1.77012e+09,-0.168247,6.7228,-0.432369,-0.419295,-0.139557,1,1
1.77012e+09,-0.185688,6.52126,-0.424312,-0.420814,-0.168247,2,1
1.77012e+09,-0.209099,6.6071,-0.432242,-0.422466,-0.185688,2,1
1.77012e+09,-0.231851,6.70914,-0.439777,-0.425007,-0.209099,2,1
1.77012e+09,-0.248681,6.73603,-0.443545,-0.430451,-0.231851,2,1
1.77012e+09,0.273196,6.98557,-0.30512,-0.434449,-0.248681,2,1
1.77012e+09,0.243177,6.6644,-0.296102,-0.408999,0.273196,2,1
1.77012e+09,0.220137,6.49207,-0.291004,-0.383357,0.243177,2,1
1.77012e+09,0.201055,6.56328,-0.293107,-0.355109,0.220137,2,1
1.77012e+09,0.178582,6.55664,-0.293956,-0.325775,0.201055,0,2
1.77012e+09,0.153774,6.51685,-0.293836,-0.295858,0.178582,0,2
1.77012e+09,0.131936,6.62688,-0.297532,-0.293601,0.153774,0,2
1.77012e+09,0.103069,6.73382,-0.302117,-0.293887,0.131936,1,2
1.77012e+09,0.0717641,6.37988,-0.292839,-0.29611,0.103069,1,2
1.77012e+09,0.0430401,6.42545,-0.296192,-0.296056,0.0717641,1,2
1.77012e+09,0.0147604,6.47187,-0.299926,-0.296503,0.0430401,1,2
1.77012e+09,-0.015382,6.58544,-0.306228,-0.297721,0.0147604,1,2
1.77012e+09,-0.0429338,6.38952,-0.300929,-0.299461,-0.015382,1,2
1.77012e+09,-0.0704402,6.51777,-0.308393,-0.299223,-0.0429338,1,2
1.77012e+09,-0.101457,6.50666,-0.310734,-0.302334,-0.0704402,1,2
1.77012e+09,-0.130411,6.59918,-0.315886,-0.305242,-0.101457,1,2
1.77012e+09,-0.155085,6.55126,-0.316468,-0.308434,-0.130411,1,2
1.77012e+09,-0.177353,6.4872,-0.317069,-0.310482,-0.155085,1,2
1.77012e+09,-0.193657,6.32445,-0.31328,-0.31371,-0.177353,2,2
1.77012e+09,-0.224182,6.64689,-0.328462,-0.314687,-0.193657,2,2
1.77012e+09,-0.239215,6.59092,-0.328458,-0.318233,-0.224182,2,2
1.77012e+09,-0.255284,6.5557,-0.330234,-0.320747,-0.239215,2,2
1.77012e+09,0.26526,6.62304,-0.501159,-0.323501,-0.255284,2,2
1.77012e+09,0.250486,6.71514,-0.506725,-0.360319,0.26526,2,2
1.77012e+09,0.23037,6.63492,-0.500712,-0.399008,0.250486,2,2
1.77012e+09,0.200376,6.33874,-0.483662,-0.433458,0.23037,2,2
1.77012e+09,0.181651,6.40137,-0.487251,-0.464499,0.200376,0,0
1.77012e+09,0.157476,6.37689,-0.48721,-0.495902,0.181651,0,0
1.77012e+09,0.136783,6.60147,-0.502535,-0.493112,0.157476,0,0
1.77012e+09,0.110046,6.56911,-0.502073,-0.492274,0.136783,1,0
1.77012e+09,0.0850375,6.90012,-0.525914,-0.492546,0.110046,1,0
1.77012e+09,0.0517786,6.68097,-0.514993,-0.500996,0.0850375,1,0
1.77012e+09,0.0231767,6.88716,-0.529143,-0.506545,0.0517786,1,0
1.77012e+09,-0.00721663,6.64631,-0.515827,-0.514931,0.0231767,1,0
1.77012e+09,-0.0381426,6.67884,-0.519389,-0.51759,-0.00721663,1,0
1.77012e+09,-0.0646761,6.54313,-0.51257,-0.521053,-0.0381426,1,0
1.77012e+09,-0.0947306,6.65696,-0.522979,-0.518385,-0.0646761,1,0
1.77012e+09,-0.123323,6.73658,-0.531114,-0.519982,-0.0947306,1,0
1.77012e+09,-0.152804,6.81092,-0.538544,-0.520376,-0.123323,1,0
1.77012e+09,-0.172107,6.57715,-0.524983,-0.524919,-0.152804,1,0
1.77012e+09,-0.197601,6.7112,-0.534314,-0.526038,-0.172107,2,0
1.77012e+09,-0.211332,6.5556,-0.527233,-0.530387,-0.197601,2,0
1.77012e+09,-0.239001,6.8362,-0.547047,-0.531238,-0.211332,2,0
1.77012e+09,-0.254224,6.8751,-0.551167,-0.534424,-0.239001,2,0
1.77012e+09,0.254134,6.66819,-0.40143,-0.536949,-0.254224,2,0
1.77012e+09,0.229188,6.47275,-0.39238,-0.512238,0.254134,2,0
1.77012e+09,0.213476,6.5777,-0.399679,-0.483852,0.229188,2,0
1.77012e+09,0.19494,6.71875,-0.405892,-0.458341,0.213476,2,0
1.77012e+09,0.163305,6.53341,-0.398743,-0.43011,0.19494,0,0
1.77012e+09,0.143439,6.66327,-0.405068,-0.399625,0.163305,0,0
1.77012e+09,0.110464,6.46758,-0.398671,-0.400352,0.143439,1,0
1.77012e+09,0.0869267,6.53128,-0.403478,-0.401611,0.110464,1,0
1.77012e+09,0.0583257,6.68547,-0.412571,-0.402371,0.0869267,1,0
1.77012e+09,0.0286993,6.72954,-0.41572,-0.403706,0.0583257,1,0
1.77012e+09,-0.00281523,6.52804,-0.407534,-0.407102,0.0286993,1,0
1.77012e+09,-0.0335712,6.53764,-0.411998,-0.407595,-0.00281523,1,0
1.77012e+09,-0.0669597,6.72731,-0.424284,-0.41026,-0.0335712,1,0
1.77012e+09,-0.0944757,6.47871,-0.414831,-0.414421,-0.0669597,1,0
1.77012e+09,-0.12213,6.51186,-0.418547,-0.414874,-0.0944757,1,0
1.77012e+09,-0.14583,6.45087,-0.417244,-0.415439,-0.12213,1,0
1.77012e+09,-0.175033,6.65949,-0.430332,-0.417381,-0.14583,1,0
1.77012e+09,-0.184334,6.20794,-0.410557,-0.421048,-0.175033,2,0
1.77012e+09,-0.218414,6.70491,-0.437813,-0.418302,-0.184334,2,0
1.77012e+09,-0.241935,6.80607,-0.445339,-0.422898,-0.218414,2,0
1.77012e+09,-0.254733,6.70235,-0.442298,-0.428257,-0.241935,2,0
1.77012e+09,0.260333,6.89938,-0.303685,-0.433267,-0.254733,2,0
1.77012e+09,0.235051,6.65538,-0.296274,-0.407938,0.260333,2,0
1.77012e+09,0.218472,6.69099,-0.296876,-0.385081,0.235051,2,0
1.77012e+09,0.19516,6.64319,-0.297402,-0.356894,0.218472,2,0
1.77012e+09,0.169719,6.5425,-0.293544,-0.327307,0.19516,0,1
1.77012e+09,0.145638,6.47194,-0.292712,-0.297556,0.169719,0,1
1.77012e+09,0.118929,6.53042,-0.293809,-0.295361,0.145638,0,1
1.77012e+09,0.0934712,6.67977,-0.301038,-0.294868,0.118929,1,1
1.77012e+09,0.0641581,6.52952,-0.298004,-0.295701,0.0934712,1,1
1.77012e+09,0.0347072,6.56799,-0.301491,-0.295821,0.0641581,1,1
1.77012e+09,0.00535256,6.44384,-0.299355,-0.297411,0.0347072,1,1
1.77012e+09,-0.026794,6.63741,-0.307213,-0.298739,0.00535256,1,1
1.77012e+09,-0.0538051,6.4519,-0.304762,-0.30142,-0.026794,1,1
1.77012e+09,-0.0837507,6.61016,-0.311527,-0.302165,-0.0538051,1,1
1.77012e+09,-0.11141,6.53444,-0.31101,-0.30487,-0.0837507,1,1
1.77012e+09,-0.136848,6.49748,-0.313616,-0.306774,-0.11141,1,1
1.77012e+09,-0.166376,6.63728,-0.320162,-0.309626,-0.136848,1,1
1.77012e+09,-0.185013,6.46112,-0.316206,-0.312216,-0.166376,2,1
1.77012e+09,-0.208969,6.54021,-0.32289,-0.314504,-0.185013,2,1
1.77012e+09,-0.229781,6.56054,-0.325513,-0.316777,-0.208969,2,1
1.77012e+09,-0.255413,6.76302,-0.334656,-0.319678,-0.229781,2,1
1.77012e+09,-0.256058,6.42539,-0.325033,-0.323885,-0.255413,2,1
1.77012e+09,0.261594,6.75727,-0.509505,-0.32486,-0.256058,2,1
1.77012e+09,0.235465,6.50913,-0.493579,-0.36352,0.261594,2,1
1.77012e+09,0.219558,6.56004,-0.497288,-0.397657,0.235465,2,1
1.77012e+09,0.196336,6.48485,-0.492296,-0.432012,0.219558,0,1
1.77012e+09,0.169173,6.30263,-0.482498,-0.46354,0.196336,0,0
1.77012e+09,0.151977,6.5415,-0.499549,-0.495033,0.169173,0,0
1.77012e+09,0.125984,6.56808,-0.502876,-0.493042,0.151977,1,0
1.77012e+09,0.0986625,6.57374,-0.503209,-0.494901,0.125984,1,0
1.77012e+09,0.0730113,6.84698,-0.522862,-0.496085,0.0986625,1,0
1.77012e+09,0.0396922,6.73272,-0.517263,-0.502199,0.0730113,1,0
1.77012e+09,0.0127621,6.51312,-0.505194,-0.509152,0.0396922,1,0
1.77012e+09,-0.0183922,6.60158,-0.513017,-0.510281,0.0127621,1,0
1.77012e+09,-0.0469828,6.7402,-0.524347,-0.512309,-0.0183922,1,0
1.77012e+09,-0.0761441,6.73282,-0.524969,-0.516537,-0.0469828,1,0
1.77012e+09,-0.105314,6.63299,-0.5219,-0.516958,-0.0761441,1,0
1.77012e+09,-0.132985,6.70075,-0.529702,-0.517885,-0.105314,1,0
1.77012e+09,-0.162878,6.91106,-0.543638,-0.522787,-0.132985,1,0
1.77012e+09,-0.181087,6.74393,-0.536643,-0.528911,-0.162878,1,0
1.77012e+09,-0.204934,6.76539,-0.540218,-0.53137,-0.181087,2,0
1.77012e+09,-0.215572,6.53155,-0.527142,-0.53442,-0.204934,2,0
1.77012e+09,-0.247916,6.99528,-0.556995,-0.535468,-0.215572,2,0
1.77012e+09,-0.265882,7.06046,-0.562413,-0.540927,-0.247916,2,0
1.77012e+09,0.237201,6.32987,-0.387582,-0.544682,-0.265882,2,0
1.77012e+09,0.228366,6.60769,-0.400829,-0.51487,0.237201,2,0
1.77012e+09,0.209645,6.66721,-0.402462,-0.486992,0.228366,2,0
1.77012e+09,0.178813,6.43926,-0.393988,-0.462056,0.209645,2,0
1.77012e+09,0.154147,6.34572,-0.390141,-0.429455,0.178813,0,0
1.77012e+09,0.132566,6.56456,-0.402245,-0.395,0.154147,0,0
1.77012e+09,0.101994,6.56232,-0.403482,-0.397933,0.132566,1,0
1.77012e+09,0.0737888,6.42669,-0.399525,-0.398464,0.101994,1,0
1.77012e+09,0.0451307,6.42751,-0.401654,-0.397876,0.0737888,1,0
1.77012e+09,0.0160905,6.57878,-0.410249,-0.399409,0.0451307,1,0
1.77012e+09,-0.0142023,6.52346,-0.409986,-0.403431,0.0160905,1,0
1.77012e+09,-0.0425475,6.44791,-0.408703,-0.404979,-0.0142023,1,0
1.77012e+09,-0.0698965,6.36626,-0.407077,-0.406023,-0.0425475,1,0
1.77012e+09,-0.0990356,6.59159,-0.421174,-0.407534,-0.0698965,1,0
1.77012e+09,-0.12426,6.52716,-0.418667,-0.411438,-0.0990356,1,0
1.77012e+09,-0.152391,6.61248,-0.425401,-0.413121,-0.12426,1,0
1.77012e+09,-0.178957,6.70561,-0.433263,-0.416204,-0.152391,1,0
1.77012e+09,-0.193499,6.40379,-0.420767,-0.421116,-0.178957,2,0
1.77012e+09,-0.218975,6.5787,-0.431885,-0.423854,-0.193499,2,0
1.77012e+09,-0.246237,6.8579,-0.447976,-0.425996,-0.218975,2,0
1.77012e+09,-0.256344,6.702,-0.443578,-0.431858,-0.246237,2,0
1.77012e+09,0.257853,6.88491,-0.302372,-0.435494,-0.256344,2,0
1.77012e+09,0.226331,6.44429,-0.289625,-0.409316,0.257853,2,0
1.77012e+09,0.20911,6.492,-0.291422,-0.383087,0.226331,2,0
1.77012e+09,0.190682,6.61788,-0.295138,-0.354995,0.20911,2,0
1.77012e+09,0.168142,6.61588,-0.295508,-0.324427,0.190682,0,0
1.77012e+09,0.142078,6.57451,-0.295749,-0.294813,0.168142,0,0
1.77012e+09,0.114848,6.63262,-0.297272,-0.293488,0.142078,1,0
1.77012e+09,0.0861341,6.431,-0.293764,-0.295018,0.114848,1,0
1.77012e+09,0.0590315,6.5793,-0.299724,-0.295486,0.0861341,1,0
1.77012e+09,0.0304237,6.62196,-0.302503,-0.296403,0.0590315,1,0
1.77012e+09,-0.000161157,6.61823,-0.305523,-0.297802,0.0304237,1,0
1.77012e+09,-0.0301935,6.49397,-0.304629,-0.299757,-0.000161157,1,0
1.77012e+09,-0.0571322,6.47814,-0.305232,-0.301229,-0.0301935,1,0
1.77012e+09,-0.0909121,6.6445,-0.31369,-0.303522,-0.0571322,1,0
1.77012e+09,-0.115767,6.5984,-0.314392,-0.306315,-0.0909121,1,0
1.77012e+09,-0.145457,6.66414,-0.319317,-0.308693,-0.115767,1,0
1.77012e+09,-0.168691,6.53871,-0.318167,-0.311452,-0.145457,1,0
1.77012e+09,-0.188107,6.45973,-0.31783,-0.31416,-0.168691,2,0
1.77012e+09,-0.211713,6.54757,-0.323979,-0.316679,-0.188107,2,0
1.77012e+09,-0.237116,6.71669,-0.33152,-0.318737,-0.211713,2,0
1.77012e+09,-0.25657,6.74337,-0.335287,-0.322162,-0.237116,2,0
1.77012e+09,-0.270955,6.77319,-0.338493,-0.325356,-0.25657,2,0
1.77012e+09,0.254956,6.64057,-0.501541,-0.329422,-0.270955,2,0
1.77012e+09,0.237938,6.6443,-0.502183,-0.366164,0.254956,2,0
1.77012e+09,0.211509,6.44374,-0.490262,-0.401805,0.237938,2,0
1.77012e+09,0.193624,6.53537,-0.496415,-0.433553,0.211509,0,0
1.77012e+09,0.17186,6.57281,-0.499966,-0.465779,0.193624,0,0
1.77012e+09,0.149558,6.64666,-0.50552,-0.498073,0.17186,0,0
1.77012e+09,0.12537,6.88874,-0.523426,-0.498869,0.149558,1,0
1.77012e+09,0.0936522,6.84384,-0.521461,-0.503118,0.12537,1,0
1.77012e+09,0.0641941,6.73425,-0.516344,-0.509358,0.0936522,1,0
1.77012e+09,0.028837,6.51309,-0.504088,-0.513344,0.0641941,1,0
1.77012e+09,0.00166618,6.43573,-0.501417,-0.514168,0.028837,1,0
1.77012e+09,-0.0277033,6.64572,-0.516665,-0.513347,0.00166618,1,0
1.77012e+09,-0.0567909,6.55293,-0.512957,-0.511995,-0.0277033,1,0
1.77012e+09,-0.0836334,6.55096,-0.515405,-0.510294,-0.0567909,1,0
1.77012e+09,-0.113139,6.61884,-0.521638,-0.510106,-0.0836334,1,0
1.77012e+09,-0.137718,6.56266,-0.520428,-0.513616,-0.113139,1,0
1.77012e+09,-0.165462,6.71952,-0.532442,-0.517419,-0.137718,1,0
1.77012e+09,-0.180439,6.49311,-0.5202,-0.520574,-0.165462,2,0
1.77012e+09,-0.208232,6.7575,-0.540363,-0.522023,-0.180439,2,0
1.77012e+09,-0.225205,6.72966,-0.540733,-0.527014,-0.208232,2,0
1.77012e+09,-0.256151,7.13063,-0.56768,-0.530833,-0.225205,2,0
1.77012e+09,0.259905,6.62285,-0.399176,-0.540284,-0.256151,2,0
1.77012e+09,0.241136,6.59207,-0.399277,-0.51363,0.259905,2,0
1.77012e+09,0.217095,6.47065,-0.394802,-0.489446,0.241136,2,0
1.77012e+09,0.20509,6.77522,-0.408668,-0.460333,0.217095,2,0
1.77012e+09,0.173239,6.46459,-0.395556,-0.43392,0.20509,0,1
1.77012e+09,0.145706,6.30302,-0.389195,-0.399495,0.173239,0,1
1.77012e+09,0.124531,6.54716,-0.401457,-0.397499,0.145706,0,1
1.77012e+09,0.0978082,6.62432,-0.406504,-0.397935,0.124531,1,1
1.77012e+09,0.0678912,6.48189,-0.401795,-0.400276,0.0978082,1,1
1.77012e+09,0.0361388,6.63301,-0.412149,-0.398901,0.0678912,1,1
1.77012e+09,0.00633052,6.67314,-0.416009,-0.40222,0.0361388,1,1
1.77012e+09,-0.0255015,6.64872,-0.417022,-0.407583,0.00633052,1,1
1.77012e+09,-0.0534433,6.47021,-0.410402,-0.410696,-0.0255015,1,1
1.77012e+09,-0.0851548,6.65614,-0.423242,-0.411475,-0.0534433,1,1
1.77012e+09,-0.110768,6.55863,-0.418904,-0.415765,-0.0851548,1,1
1.77012e+09,-0.142809,6.83553,-0.435937,-0.417116,-0.110768,1,1
1.77012e+09,-0.166198,6.73922,-0.434053,-0.421101,-0.142809,1,1
1.77012e+09,-0.18439,6.56948,-0.42777,-0.424507,-0.166198,2,1
1.77012e+09,-0.201323,6.4058,-0.421701,-0.427981,-0.18439,2,1
1.77012e+09,-0.227899,6.66131,-0.437788,-0.427673,-0.201323,2,1
1.77012e+09,-0.241698,6.55386,-0.433819,-0.43145,-0.227899,2,1
1.77012e+09,0.262618,6.67968,-0.297225,-0.431026,-0.241698,2,1
1.77012e+09,0.256656,6.98785,-0.304708,-0.403661,0.262618,2,1
1.77012e+09,0.22678,6.64857,-0.296252,-0.379048,0.256656,2,1
1.77012e+09,0.207476,6.72049,-0.297959,-0.353958,0.22678,2,1
1.77012e+09,0.181893,6.65884,-0.297417,-0.325993,0.207476,0,1
1.77012e+09,0.153143,6.46731,-0.291737,-0.298712,0.181893,0,1
1.77012e+09,0.126951,6.42667,-0.291557,-0.297615,0.153143,0,1
1.77012e+09,0.0995829,6.52649,-0.296732,-0.294984,0.126951,1,1
1.77012e+09,0.0702408,6.24207,-0.289687,-0.29508,0.0995829,1,1
1.77012e+09,0.0402964,6.56773,-0.301178,-0.293426,0.0702408,1,1
1.77012e+09,0.0136507,6.41037,-0.298936,-0.294178,0.0402964,1,1
1.77012e+09,-0.0177593,6.57582,-0.305929,-0.295618,0.0136507,1,1
1.77012e+09,-0.0456697,6.48745,-0.305279,-0.298492,-0.0177593,1,1
1.77012e+09,-0.0747915,6.59938,-0.312469,-0.300202,-0.0456697,1,1
1.77012e+09,-0.101019,6.49567,-0.31038,-0.304758,-0.0747915,1,1
1.77012e+09,-0.131225,6.7106,-0.320182,-0.306598,-0.101019,1,1
1.77012e+09,-0.157042,6.58385,-0.31774,-0.310848,-0.131225,1,1
1.77012e+09,-0.18126,6.62158,-0.322211,-0.31321,-0.157042,2,1
1.77012e+09,-0.198119,6.49753,-0.32039,-0.316596,-0.18126,2,1
1.77012e+09,-0.223874,6.64586,-0.328653,-0.31818,-0.198119,2,1
1.77012e+09,-0.244474,6.74393,-0.335299,-0.321835,-0.223874,2,1
1.77012e+09,-0.262246,6.75677,-0.338187,-0.324859,-0.244474,2,1
1.77012e+09,0.263254,6.5526,-0.493449,-0.328948,-0.262246,2,1
1.77012e+09,0.252877,6.75703,-0.508373,-0.363196,0.263254,2,1
1.77012e+09,0.238265,6.87912,-0.515042,-0.400792,0.252877,2,1
1.77012e+09,0.213501,6.74694,-0.509262,-0.43807,0.238265,0,1
1.77012e+09,0.18961,6.6832,-0.505811,-0.472863,0.213501,0,0
1.77012e+09,0.160864,6.54717,-0.498615,-0.506387,0.18961,0,0
1.77012e+09,0.133258,6.46756,-0.495853,-0.50742,0.160864,1,0
1.77012e+09,0.107879,6.5668,-0.503204,-0.504916,0.133258,1,0
1.77012e+09,0.082089,6.79315,-0.519766,-0.502549,0.107879,1,0
1.77012e+09,0.0498787,6.5701,-0.508092,-0.50465,0.082089,1,0
1.77012e+09,0.0222857,6.77824,-0.522349,-0.505106,0.0498787,1,0
1.77012e+09,-0.00775769,6.64634,-0.515829,-0.509853,0.0222857,1,0
1.77012e+09,-0.0398864,6.61636,-0.515449,-0.513848,-0.00775769,1,0
1.77012e+09,-0.0644555,6.41816,-0.505108,-0.516297,-0.0398864,1,0
1.77012e+09,-0.0948261,6.60766,-0.5207,-0.513366,-0.0644555,1,0
1.77012e+09,-0.121131,6.66774,-0.527132,-0.515887,-0.0948261,1,0
1.77012e+09,-0.147995,6.68,-0.529469,-0.516844,-0.121131,1,0
1.77012e+09,-0.171697,6.62376,-0.528428,-0.519572,-0.147995,1,0
1.77012e+09,-0.202708,6.96278,-0.551937,-0.522167,-0.171697,2,0
1.77012e+09,-0.212055,6.67147,-0.535852,-0.531533,-0.202708,2,0
1.77012e+09,-0.24311,7.06604,-0.563233,-0.534564,-0.212055,2,0
1.77012e+09,0.272552,6.65771,-0.402735,-0.541784,-0.24311,2,0
1.77012e+09,0.258273,6.7124,-0.404104,-0.516437,0.272552,2,0
1.77012e+09,0.228333,6.36756,-0.388873,-0.491572,0.258273,2,0
1.77012e+09,0.209232,6.39015,-0.38947,-0.45896,0.228333,2,0
1.77012e+09,0.194536,6.62971,-0.403544,-0.429683,0.209232,0,1
1.77012e+09,0.165794,6.49125,-0.396143,-0.397745,0.194536,0,1
1.77012e+09,0.140321,6.49194,-0.397848,-0.396427,0.165794,0,1
1.77012e+09,0.113206,6.56441,-0.402297,-0.395176,0.140321,1,1
1.77012e+09,0.0869,6.52948,-0.403384,-0.39786,0.113206,1,1
1.77012e+09,0.0570801,6.62939,-0.409826,-0.400643,0.0869,1,1
1.77012e+09,0.028,6.55877,-0.408878,-0.401899,0.0570801,1,1
1.77012e+09,-0.00227813,6.32533,-0.399748,-0.404446,0.028,1,1
1.77012e+09,-0.0320313,6.60485,-0.41471,-0.404826,-0.00227813,1,1
1.77012e+09,-0.0624407,6.65087,-0.420378,-0.407309,-0.0320313,1,1
1.77012e+09,-0.0897963,6.54079,-0.417635,-0.410708,-0.0624407,1,1
1.77012e+09,-0.11589,6.48748,-0.416924,-0.41227,-0.0897963,1,1
1.77012e+09,-0.149246,6.82585,-0.436138,-0.413879,-0.11589,1,1
1.77012e+09,-0.170945,6.66862,-0.430988,-0.421157,-0.149246,1,1
1.77012e+09,-0.185632,6.3832,-0.419517,-0.424413,-0.170945,2,1
1.77012e+09,-0.21299,6.65439,-0.435048,-0.42424,-0.185632,2,1
1.77012e+09,-0.233553,6.68478,-0.438312,-0.427723,-0.21299,2,1
1.77012e+09,-0.246081,6.57985,-0.435584,-0.432,-0.233553,2,1
1.77012e+09,0.262062,6.73417,-0.300383,-0.43189,-0.246081,2,1
1.77012e+09,0.237096,6.5845,-0.294189,-0.405769,0.262062,2,1
1.77012e+09,0.210158,6.30151,-0.286628,-0.380703,0.237096,2,1
1.77012e+09,0.202938,6.74976,-0.299677,-0.351019,0.210158,2,1
1.77012e+09,0.175646,6.61593,-0.295509,-0.323292,0.202938,0,1
1.77012e+09,0.149753,6.56084,-0.29493,-0.295277,0.175646,0,1
1.77012e+09,0.122144,6.57568,-0.296205,-0.294187,0.149753,0,1
1.77012e+09,0.0974418,6.78812,-0.30386,-0.29459,0.122144,1,1
1.77012e+09,0.0657886,6.48046,-0.296307,-0.298036,0.0974418,1,1
1.77012e+09,0.034977,6.56799,-0.301197,-0.297362,0.0657886,1,1
1.77012e+09,0.00693217,6.45843,-0.299798,-0.2985,0.034977,1,1
1.77012e+09,-0.0234241,6.43741,-0.302219,-0.299473,0.00693217,1,1
1.77012e+09,-0.0498946,6.62823,-0.309776,-0.300676,-0.0234241,1,1
1.77012e+09,-0.0832912,6.63814,-0.312408,-0.301859,-0.0498946,1,1
1.77012e+09,-0.110109,6.58399,-0.313247,-0.30508,-0.0832912,1,1
1.77012e+09,-0.137365,6.61233,-0.317394,-0.30749,-0.110109,1,1
1.77012e+09,-0.162242,6.56773,-0.318481,-0.311009,-0.137365,1,1
1.77012e+09,-0.179558,6.36964,-0.314601,-0.314261,-0.162242,2,1
1.77012e+09,-0.209112,6.62942,-0.326581,-0.315226,-0.179558,2,1
1.77012e+09,-0.228169,6.59898,-0.326832,-0.318061,-0.209112,2,1
1.77012e+09,-0.256957,6.95029,-0.341364,-0.320778,-0.228169,2,1
1.77012e+09,-0.253794,6.48129,-0.329935,-0.325572,-0.256957,2,1
1.77012e+09,-1,-1,-1,-0.327863,-0.253794,2,1
1.77012e+09,0.238388,6.50248,-0.492314,-0.327863,-0.253794,2,1
1.77012e+09,0.222923,6.62046,-0.501159,-0.363405,0.238388,2,1
1.77012e+09,0.198967,6.51023,-0.49382,-0.398321,0.222923,0,1
1.77012e+09,0.176021,6.49009,-0.494082,-0.431719,0.198967,0,1
1.77012e+09,0.158392,6.81977,-0.516777,-0.462262,0.176021,0,1
1.77012e+09,0.126381,6.56075,-0.501985,-0.49963,0.158392,1,1
1.77012e+09,0.099425,6.67993,-0.510157,-0.501565,0.126381,1,1
1.77012e+09,0.0699475,6.68343,-0.512535,-0.503364,0.099425,1,1
1.77012e+09,0.0392662,6.62436,-0.510385,-0.507107,0.0699475,1,1
1.77012e+09,0.00881018,6.71221,-0.519054,-0.510368,0.0392662,1,1
1.77012e+09,-0.021018,6.58626,-0.514202,-0.510823,0.00881018,1,1
1.77012e+09,-0.0483938,6.63659,-0.518252,-0.513267,-0.021018,1,1
1.77012e+09,-0.0783668,6.85339,-0.533917,-0.514886,-0.0483938,1,1
1.77012e+09,-0.105523,6.57816,-0.519467,-0.519162,-0.0783668,1,1
1.77012e+09,-0.134524,6.75138,-0.532727,-0.520978,-0.105523,1,1
1.77012e+09,-0.158051,6.69328,-0.530752,-0.523713,-0.134524,1,1
1.77012e+09,-0.181361,6.75424,-0.537751,-0.527023,-0.158051,1,1
1.77012e+09,-0.199202,6.6202,-0.530158,-0.530923,-0.181361,2,1
1.77012e+09,-0.212847,6.45293,-0.521371,-0.530171,-0.199202,2,1
1.77012e+09,-0.251033,7.10805,-0.564595,-0.530552,-0.212847,2,1
1.77012e+09,-0.265809,7.09322,-0.564538,-0.536925,-0.251033,2,1
1.77012e+09,0.234387,6.24768,-0.382428,-0.543683,-0.265809,2,1
1.77012e+09,0.231174,6.66562,-0.404106,-0.512618,0.234387,2,1
1.77012e+09,0.205229,6.5427,-0.39639,-0.487408,0.231174,2,1
